#{"t_start": 1607501071.8532944, "env_id": "CustomAnt-v0"}
r,l,t
-141.386494,108,1.180073
-35.539765,15,1.199796
-92.336622,43,1.256723
-92.510596,37,1.303082
